Workbook

Sheet Hole to hole distance
C2: Distance (mm)
B3: From hole 2 to hole 1 | C3: ='[1]Hole to hole distance'!$C$3 -> 302.2
B4: From hole 3 to hole 1 | C4: ='[1]Hole to hole distance'!$C$4 -> 602.8
B5: From hole 4 to hole 1 | C5: ='[1]Hole to hole distance'!$C$5 -> 901.2
B7: *Possible to change once in a while

Sheet Sheet1
A1: No | B1: Actual length (mm) | C1: Hole length (mm) | D1: Hole 1 | E1: Hole 2 | F1: Hole 3 | G1: Hole 4 | I1: No | J1: Actual length (mm) | K1: Hole length (mm) | L1: Hole 1 | M1: Hole 2 | N1: Hole 3 | O1: Hole 4
A2: 3 | B2: =IF(D2=1,C2+4,IF(E2=1,C2+'Hole to hole distance'!$C$3,IF(F2=1,C2+'Hole to hole distance'!$C$4,IF(G2=1,C2+'Hole to hole distance'!$C$5,"ERROR")))) -> 376.5 | C2: 74.3 | E2: 1 | I2: 1 | K2: =IF(L2=1,J2,IF(M2=1,J2-Sheet1!C3,IF(N2=1,J2-'Hole to hole distance'!C4,IF(O2=1,J2-'Hole to hole distance'!C5,0)))) -> 0
A3: 4 | B3: =IF(D3=1,C3+4,IF(E3=1,C3+'Hole to hole distance'!$C$3,IF(F3=1,C3+'Hole to hole distance'!$C$4,IF(G3=1,C3+'Hole to hole distance'!$C$5,"ERROR")))) -> 436.5 | C3: 134.3 | E3: 1 | I3: 2 | K3: =IF(L3=1,J3,IF(M3=1,J3-Sheet1!C4,IF(N3=1,J3-'Hole to hole distance'!C5,IF(O3=1,J3-'Hole to hole distance'!C6,0)))) -> 0
A4: 2 | B4: =IF(D4=1,C4+4,IF(E4=1,C4+'Hole to hole distance'!$C$3,IF(F4=1,C4+'Hole to hole distance'!$C$4,IF(G4=1,C4+'Hole to hole distance'!$C$5,"ERROR")))) -> 646.3 | C4: 43.5 | F4: 1 | I4: 3 | K4: =IF(L4=1,J4,IF(M4=1,J4-Sheet1!C5,IF(N4=1,J4-'Hole to hole distance'!C6,IF(O4=1,J4-'Hole to hole distance'!C7,0)))) -> 0
A5: 1 | B5: =IF(D5=1,C5+4,IF(E5=1,C5+'Hole to hole distance'!$C$3,IF(F5=1,C5+'Hole to hole distance'!$C$4,IF(G5=1,C5+'Hole to hole distance'!$C$5,"ERROR")))) -> 923.7 | C5: 22.5 | G5: 1 | I5: 4 | K5: =IF(L5=1,J5,IF(M5=1,J5-Sheet1!C6,IF(N5=1,J5-'Hole to hole distance'!C7,IF(O5=1,J5-'Hole to hole distance'!C8,0)))) -> 0
A6: 7 | B6: =IF(D6=1,C6+4,IF(E6=1,C6+'Hole to hole distance'!$C$3,IF(F6=1,C6+'Hole to hole distance'!$C$4,IF(G6=1,C6+'Hole to hole distance'!$C$5,"ERROR")))) -> 1671.2 | C6: 1369 | E6: 1 | I6: 5 | K6: =IF(L6=1,J6,IF(M6=1,J6-Sheet1!C7,IF(N6=1,J6-'Hole to hole distance'!C8,IF(O6=1,J6-'Hole to hole distance'!C9,0)))) -> 0
A7: 5 | B7: =IF(D7=1,C7+4,IF(E7=1,C7+'Hole to hole distance'!$C$3,IF(F7=1,C7+'Hole to hole distance'!$C$4,IF(G7=1,C7+'Hole to hole distance'!$C$5,"ERROR")))) -> 1709.8 | C7: 1107 | F7: 1 | I7: 6 | K7: =IF(L7=1,J7,IF(M7=1,J7-Sheet1!C8,IF(N7=1,J7-'Hole to hole distance'!C9,IF(O7=1,J7-'Hole to hole distance'!C10,0)))) -> 0
A8: 9 | B8: =IF(D8=1,C8+4,IF(E8=1,C8+'Hole to hole distance'!$C$3,IF(F8=1,C8+'Hole to hole distance'!$C$4,IF(G8=1,C8+'Hole to hole distance'!$C$5,"ERROR")))) -> 2172.2 | C8: 1870 | E8: 1 | I8: 7 | K8: =IF(L8=1,J8,IF(M8=1,J8-Sheet1!C9,IF(N8=1,J8-'Hole to hole distance'!C10,IF(O8=1,J8-'Hole to hole distance'!C11,0)))) -> 0
A9: 6 | B9: =IF(D9=1,C9+4,IF(E9=1,C9+'Hole to hole distance'!$C$3,IF(F9=1,C9+'Hole to hole distance'!$C$4,IF(G9=1,C9+'Hole to hole distance'!$C$5,"ERROR")))) -> 2235 | C9: 1333.8 | G9: 1 | I9: 8 | K9: =IF(L9=1,J9,IF(M9=1,J9-Sheet1!C10,IF(N9=1,J9-'Hole to hole distance'!C11,IF(O9=1,J9-'Hole to hole distance'!C12,0)))) -> 0
A10: 8 | B10: =IF(D10=1,C10+4,IF(E10=1,C10+'Hole to hole distance'!$C$3,IF(F10=1,C10+'Hole to hole distance'!$C$4,IF(G10=1,C10+'Hole to hole distance'!$C$5,"ERROR")))) -> 2313.2 | C10: 1412 | G10: 1 | I10: 9 | K10: =IF(L10=1,J10,IF(M10=1,J10-Sheet1!C11,IF(N10=1,J10-'Hole to hole distance'!C12,IF(O10=1,J10-'Hole to hole distance'!C13,0)))) -> 0
A11: 13 | B11: =IF(D11=1,C11+4,IF(E11=1,C11+'Hole to hole distance'!$C$3,IF(F11=1,C11+'Hole to hole distance'!$C$4,IF(G11=1,C11+'Hole to hole distance'!$C$5,"ERROR")))) -> 2619.2 | C11: 2317 | E11: 1 | I11: 10 | K11: =IF(L11=1,J11,IF(M11=1,J11-Sheet1!C12,IF(N11=1,J11-'Hole to hole distance'!C13,IF(O11=1,J11-'Hole to hole distance'!C14,0)))) -> 0
A12: 18 | B12: =IF(D12=1,C12+4,IF(E12=1,C12+'Hole to hole distance'!$C$3,IF(F12=1,C12+'Hole to hole distance'!$C$4,IF(G12=1,C12+'Hole to hole distance'!$C$5,"ERROR")))) -> 2779.2 | C12: 2477 | E12: 1 | I12: 11 | K12: =IF(L12=1,J12,IF(M12=1,J12-Sheet1!C13,IF(N12=1,J12-'Hole to hole distance'!C14,IF(O12=1,J12-'Hole to hole distance'!C15,0)))) -> 0
A13: 20 | B13: =IF(D13=1,C13+4,IF(E13=1,C13+'Hole to hole distance'!$C$3,IF(F13=1,C13+'Hole to hole distance'!$C$4,IF(G13=1,C13+'Hole to hole distance'!$C$5,"ERROR")))) -> 2819.2 | C13: 2517 | E13: 1 | I13: 12 | K13: =IF(L13=1,J13,IF(M13=1,J13-Sheet1!C14,IF(N13=1,J13-'Hole to hole distance'!C15,IF(O13=1,J13-'Hole to hole distance'!C16,0)))) -> 0
A14: 22 | B14: =IF(D14=1,C14+4,IF(E14=1,C14+'Hole to hole distance'!$C$3,IF(F14=1,C14+'Hole to hole distance'!$C$4,IF(G14=1,C14+'Hole to hole distance'!$C$5,"ERROR")))) -> 2879.2 | C14: 2577 | E14: 1 | I14: 13 | K14: =IF(L14=1,J14,IF(M14=1,J14-Sheet1!C15,IF(N14=1,J14-'Hole to hole distance'!C16,IF(O14=1,J14-'Hole to hole distance'!C17,0)))) -> 0
A15: 14 | B15: =IF(D15=1,C15+4,IF(E15=1,C15+'Hole to hole distance'!$C$3,IF(F15=1,C15+'Hole to hole distance'!$C$4,IF(G15=1,C15+'Hole to hole distance'!$C$5,"ERROR")))) -> 2939.8 | C15: 2337 | F15: 1 | I15: 14 | K15: =IF(L15=1,J15,IF(M15=1,J15-Sheet1!C16,IF(N15=1,J15-'Hole to hole distance'!C17,IF(O15=1,J15-'Hole to hole distance'!C18,0)))) -> 0
A16: 10 | B16: =IF(D16=1,C16+4,IF(E16=1,C16+'Hole to hole distance'!$C$3,IF(F16=1,C16+'Hole to hole distance'!$C$4,IF(G16=1,C16+'Hole to hole distance'!$C$5,"ERROR")))) -> 2966.7 | C16: 2065.5 | G16: 1 | I16: 15 | K16: =IF(L16=1,J16,IF(M16=1,J16-Sheet1!C17,IF(N16=1,J16-'Hole to hole distance'!C18,IF(O16=1,J16-'Hole to hole distance'!C19,0)))) -> 0
A17: 11 | B17: =IF(D17=1,C17+4,IF(E17=1,C17+'Hole to hole distance'!$C$3,IF(F17=1,C17+'Hole to hole distance'!$C$4,IF(G17=1,C17+'Hole to hole distance'!$C$5,"ERROR")))) -> 3044.9 | C17: 2143.7 | G17: 1 | I17: 16 | K17: =IF(L17=1,J17,IF(M17=1,J17-Sheet1!C18,IF(N17=1,J17-'Hole to hole distance'!C19,IF(O17=1,J17-'Hole to hole distance'!C20,0)))) -> 0
A18: 12 | B18: =IF(D18=1,C18+4,IF(E18=1,C18+'Hole to hole distance'!$C$3,IF(F18=1,C18+'Hole to hole distance'!$C$4,IF(G18=1,C18+'Hole to hole distance'!$C$5,"ERROR")))) -> 3195.2 | C18: 2294 | G18: 1 | I18: 17 | K18: =IF(L18=1,J18,IF(M18=1,J18-Sheet1!C19,IF(N18=1,J18-'Hole to hole distance'!C20,IF(O18=1,J18-'Hole to hole distance'!C21,0)))) -> 0
A19: 15 | B19: =IF(D19=1,C19+4,IF(E19=1,C19+'Hole to hole distance'!$C$3,IF(F19=1,C19+'Hole to hole distance'!$C$4,IF(G19=1,C19+'Hole to hole distance'!$C$5,"ERROR")))) -> 3276.9 | C19: 2375.7 | G19: 1 | I19: 18 | K19: =IF(L19=1,J19,IF(M19=1,J19-Sheet1!C20,IF(N19=1,J19-'Hole to hole distance'!C21,IF(O19=1,J19-'Hole to hole distance'!C22,0)))) -> 0
A20: 16 | B20: =IF(D20=1,C20+4,IF(E20=1,C20+'Hole to hole distance'!$C$3,IF(F20=1,C20+'Hole to hole distance'!$C$4,IF(G20=1,C20+'Hole to hole distance'!$C$5,"ERROR")))) -> 3315.2 | C20: 2414 | G20: 1 | I20: 19 | K20: =IF(L20=1,J20,IF(M20=1,J20-Sheet1!C21,IF(N20=1,J20-'Hole to hole distance'!C22,IF(O20=1,J20-'Hole to hole distance'!C23,0)))) -> 0
A21: 17 | B21: =IF(D21=1,C21+4,IF(E21=1,C21+'Hole to hole distance'!$C$3,IF(F21=1,C21+'Hole to hole distance'!$C$4,IF(G21=1,C21+'Hole to hole distance'!$C$5,"ERROR")))) -> 3363.2 | C21: 2462 | G21: 1 | I21: 20 | K21: =IF(L21=1,J21,IF(M21=1,J21-Sheet1!C22,IF(N21=1,J21-'Hole to hole distance'!C23,IF(O21=1,J21-'Hole to hole distance'!C24,0)))) -> 0
A22: 19 | B22: =IF(D22=1,C22+4,IF(E22=1,C22+'Hole to hole distance'!$C$3,IF(F22=1,C22+'Hole to hole distance'!$C$4,IF(G22=1,C22+'Hole to hole distance'!$C$5,"ERROR")))) -> 3393.2 | C22: 2492 | G22: 1 | I22: 21 | K22: =IF(L22=1,J22,IF(M22=1,J22-Sheet1!C23,IF(N22=1,J22-'Hole to hole distance'!C24,IF(O22=1,J22-'Hole to hole distance'!C25,0)))) -> 0
A23: 21 | B23: =IF(D23=1,C23+4,IF(E23=1,C23+'Hole to hole distance'!$C$3,IF(F23=1,C23+'Hole to hole distance'!$C$4,IF(G23=1,C23+'Hole to hole distance'!$C$5,"ERROR")))) -> 3449.5 | C23: 2548.3 | G23: 1 | I23: 22 | K23: =IF(L23=1,J23,IF(M23=1,J23-Sheet1!C24,IF(N23=1,J23-'Hole to hole distance'!C25,IF(O23=1,J23-'Hole to hole distance'!C26,0)))) -> 0
A24: 23 | B24: =IF(D24=1,C24+4,IF(E24=1,C24+'Hole to hole distance'!$C$3,IF(F24=1,C24+'Hole to hole distance'!$C$4,IF(G24=1,C24+'Hole to hole distance'!$C$5,"ERROR")))) -> 2608 | C24: 2604 | D24: 1 | I24: 23 | K24: =IF(L24=1,J24,IF(M24=1,J24-Sheet1!C25,IF(N24=1,J24-'Hole to hole distance'!C26,IF(O24=1,J24-'Hole to hole distance'!C27,0)))) -> 0
A25: 24 | B25: =IF(D25=1,C25+4,IF(E25=1,C25+'Hole to hole distance'!$C$3,IF(F25=1,C25+'Hole to hole distance'!$C$4,IF(G25=1,C25+'Hole to hole distance'!$C$5,"ERROR")))) -> ERROR | I25: 24 | K25: =IF(L25=1,J25,IF(M25=1,J25-Sheet1!C26,IF(N25=1,J25-'Hole to hole distance'!C27,IF(O25=1,J25-'Hole to hole distance'!C28,0)))) -> 0
A26: 25 | B26: =IF(D26=1,C26+4,IF(E26=1,C26+'Hole to hole distance'!$C$3,IF(F26=1,C26+'Hole to hole distance'!$C$4,IF(G26=1,C26+'Hole to hole distance'!$C$5,"ERROR")))) -> ERROR | I26: 25 | K26: =IF(L26=1,J26,IF(M26=1,J26-Sheet1!C27,IF(N26=1,J26-'Hole to hole distance'!C28,IF(O26=1,J26-'Hole to hole distance'!C29,0)))) -> 0
A27: 26 | B27: =IF(D27=1,C27+4,IF(E27=1,C27+'Hole to hole distance'!$C$3,IF(F27=1,C27+'Hole to hole distance'!$C$4,IF(G27=1,C27+'Hole to hole distance'!$C$5,"ERROR")))) -> ERROR | I27: 26 | K27: =IF(L27=1,J27,IF(M27=1,J27-Sheet1!C28,IF(N27=1,J27-'Hole to hole distance'!C29,IF(O27=1,J27-'Hole to hole distance'!C30,0)))) -> 0
A28: 27 | B28: =IF(D28=1,C28+4,IF(E28=1,C28+'Hole to hole distance'!$C$3,IF(F28=1,C28+'Hole to hole distance'!$C$4,IF(G28=1,C28+'Hole to hole distance'!$C$5,"ERROR")))) -> ERROR | I28: 27 | K28: =IF(L28=1,J28,IF(M28=1,J28-Sheet1!C29,IF(N28=1,J28-'Hole to hole distance'!C30,IF(O28=1,J28-'Hole to hole distance'!C31,0)))) -> 0
A29: 28 | B29: =IF(D29=1,C29+4,IF(E29=1,C29+'Hole to hole distance'!$C$3,IF(F29=1,C29+'Hole to hole distance'!$C$4,IF(G29=1,C29+'Hole to hole distance'!$C$5,"ERROR")))) -> ERROR | I29: 28 | K29: =IF(L29=1,J29,IF(M29=1,J29-Sheet1!C30,IF(N29=1,J29-'Hole to hole distance'!C31,IF(O29=1,J29-'Hole to hole distance'!C32,0)))) -> 0
A30: 29 | B30: =IF(D30=1,C30+4,IF(E30=1,C30+'Hole to hole distance'!$C$3,IF(F30=1,C30+'Hole to hole distance'!$C$4,IF(G30=1,C30+'Hole to hole distance'!$C$5,"ERROR")))) -> ERROR | I30: 29 | K30: =IF(L30=1,J30,IF(M30=1,J30-Sheet1!C31,IF(N30=1,J30-'Hole to hole distance'!C32,IF(O30=1,J30-'Hole to hole distance'!C33,0)))) -> 0
A31: 30 | B31: =IF(D31=1,C31+4,IF(E31=1,C31+'Hole to hole distance'!$C$3,IF(F31=1,C31+'Hole to hole distance'!$C$4,IF(G31=1,C31+'Hole to hole distance'!$C$5,"ERROR")))) -> ERROR | I31: 30 | K31: =IF(L31=1,J31,IF(M31=1,J31-Sheet1!C32,IF(N31=1,J31-'Hole to hole distance'!C33,IF(O31=1,J31-'Hole to hole distance'!C34,0)))) -> 0
K33: =ABS(IF($J$31<>0,$J$31-$J$34,IF($J$30<>0,$J$30-$J$34,IF($J$29<>0,$J$29-$J$34,IF($J$28<>0,$J$28-$J$34,IF($J$27<>0,$J$27-$J$34,IF($J$26<>0,$J$26-$J$34,IF($J$25<>0,$J$25-$J$34,IF($J$24<>0,$J$24-$J$34,IF($J$23<>0,$J$23-$J$34,IF($J$22<>0,$J$22-$J$34,IF($J$21<>0,$J$21-$J$34,IF($J$20<>0,$J$20-$J$34,IF($J$19<>0,$J$19-$J$34,IF($J$18<>0,$J$18-$J$34,IF($J$17<>0,$J$17-$J$34,IF($J$16<>0,$J$16-$J$34,IF($J$15<>0,$J$15-$J$34,IF($J$14<>0,$J$14-$J$34,IF($J$13<>0,$J$13-$J$34,IF($J$12<>0,$J$12-$J$34,IF($J$11<>0,$J$11-$J$34,IF($J$10<>0,$J$10-$J$34,IF($J$9<>0,$J$9-$J$34,IF($J$8<>0,$J$8-$J$34,IF($J$7<>0,$J$7-$J$34,IF($J$6<>0,$J$6-$J$34,IF($J$5<>0,$J$5-$J$34,IF($J$4<>0,$J$4-$J$34,IF($J$3<>0,$J$3-$J$34,IF($J$2<>0,$J$2-$J$34))))))))))))))))))))))))))))))) -> 0
I34: LENGTH FOR LAST HOLE | K34: =ABS(IF(J31<>0,J31-J34,IF(J30<>0,J30-J34,IF(J29<>0,J29-J34,IF(J28<>0,J28-J34,IF(J27<>0,J27-J34,IF(J26<>0,J26-J34,IF(J25<>0,J25-J34,IF(J24<>0,J24-J34,IF(J23<>0,J23-J34,IF(J22<>0,J22-J34,IF(J21<>0,J21-J34,IF(J20<>0,J20-J34,IF(J19<>0,J19-J34,IF(J18<>0,J18-J34,IF(J17<>0,J17-J34,IF(J16<>0,J16-J34,IF(J15<>0,J15-J34,IF(J14<>0,J14-J34,IF(J13<>0,J13-J34,IF(J12<>0,J12-J34,IF(J11<>0,J11-J34,IF(J10<>0,J10-J34,IF(J9<>0,J9-J34,IF(J8<>0,J8-J34,IF(J7<>0,J7-J34,IF(J6<>0,J6-J34,IF(J5<>0,J5-J34,IF(J4<>0,J4-J34,IF(J3<>0,J3-J34,IF(J2<>0,J2-J34))))))))))))))))))))))))))))))) -> 0
I36: COPY THIS VALUE AND PASTE TO LAST ONE | K36: =ABS(IF(K31<>0,K31+K34,IF(K30<>0,K30+K34,IF(K29<>0,K29+K34,IF(K28<>0,K28+K34,IF(K27<>0,K27+K34,IF(K26<>0,K26+K34,IF(K25<>0,K25+K34,IF(K24<>0,K24+K34,IF(K23<>0,K23+K34,IF(K22<>0,K22+K34,IF(K21<>0,K21+K34,IF(K20<>0,K20+K34,IF(K19<>0,K19+K34,IF(K18<>0,K18+K34,IF(K17<>0,K17+K34,IF(K16<>0,K16+K34,IF(K15<>0,K15+K34,IF(K14<>0,K14+K34,IF(K13<>0,K13+K34,IF(K12<>0,K12+K34,IF(K11<>0,K11+K34,IF(K10<>0,K10+K34,IF(K9<>0,K9+K34,IF(K8<>0,K8+K34,IF(K7<>0,K7+K34,IF(K6<>0,K6+K34,IF(K5<>0,K5+K34,IF(K4<>0,K4+K34,IF(K3<>0,K3+K34,IF(K2<>0,K2+K34))))))))))))))))))))))))))))))) -> 0 | L36: 1 | M36: 0 | N36: 0 | O36: 0
