Workbook

Sheet Hole to hole distance
C2: Distance (mm)
B3: From hole 2 to hole 1 | C3: ='[1]Hole to hole distance'!$C$3 -> 298
B4: From hole 3 to hole 1 | C4: ='[1]Hole to hole distance'!$C$4 -> 599
B5: From hole 4 to hole 1 | C5: ='[1]Hole to hole distance'!$C$5 -> 900
B6: From hole 5 to hole 1 | C6: ='[1]Hole to hole distance'!$C$6 -> 1201
B8: *Possible to change once in a while

Sheet Sheet1
A1: No | B1: Actual length (mm) | C1: Hole length (mm) | D1: Hole 1 | E1: Hole 2 | F1: Hole 3 | G1: Hole 4 | H1: Hole 5 | J1: No | K1: Actual length (mm) | L1: Hole length (mm) | M1: Hole 1 | N1: Hole 2 | O1: Hole 3 | P1: Hole 4 | Q1: Hole 5
A2: 4 | B2: =IF(D2=1,C2+4,IF(E2=1,C2+'Hole to hole distance'!$C$3,IF(F2=1,C2+'Hole to hole distance'!$C$4,IF(G2=1,C2+'Hole to hole distance'!$C$5,IF(H2=1,C2+'Hole to hole distance'!$C$6,"ERROR"))))) -> 416 | C2: 118 | E2: 1 | J2: 1 | L2: =IF(M2=1,K2,IF(N2=1,K2-'Hole to hole distance'!$C$3,IF(O2=1,K2-'Hole to hole distance'!$C$4,IF(P2=1,K2-'Hole to hole distance'!$C$5,IF(Q2=1,K2-'Hole to hole distance'!$C$6,0))))) -> 0
A3: 2 | B3: =IF(D3=1,C3+4,IF(E3=1,C3+'Hole to hole distance'!$C$3,IF(F3=1,C3+'Hole to hole distance'!$C$4,IF(G3=1,C3+'Hole to hole distance'!$C$5,IF(H3=1,C3+'Hole to hole distance'!$C$6,"ERROR"))))) -> 968 | C3: 68 | G3: 1 | J3: 2 | L3: =IF(M3=1,K3,IF(N3=1,K3-'Hole to hole distance'!$C$3,IF(O3=1,K3-'Hole to hole distance'!$C$4,IF(P3=1,K3-'Hole to hole distance'!$C$5,IF(Q3=1,K3-'Hole to hole distance'!$C$6,0))))) -> 0
A4: 1 | B4: =IF(D4=1,C4+4,IF(E4=1,C4+'Hole to hole distance'!$C$3,IF(F4=1,C4+'Hole to hole distance'!$C$4,IF(G4=1,C4+'Hole to hole distance'!$C$5,IF(H4=1,C4+'Hole to hole distance'!$C$6,"ERROR"))))) -> 1068 | C4: 168 | G4: 1 | J4: 3 | L4: =IF(M4=1,K4,IF(N4=1,K4-'Hole to hole distance'!$C$3,IF(O4=1,K4-'Hole to hole distance'!$C$4,IF(P4=1,K4-'Hole to hole distance'!$C$5,IF(Q4=1,K4-'Hole to hole distance'!$C$6,0))))) -> 0
A5: 3 | B5: =IF(D5=1,C5+4,IF(E5=1,C5+'Hole to hole distance'!$C$3,IF(F5=1,C5+'Hole to hole distance'!$C$4,IF(G5=1,C5+'Hole to hole distance'!$C$5,IF(H5=1,C5+'Hole to hole distance'!$C$6,"ERROR"))))) -> 1212 | C5: 11 | H5: 1 | J5: 4 | L5: =IF(M5=1,K5,IF(N5=1,K5-'Hole to hole distance'!$C$3,IF(O5=1,K5-'Hole to hole distance'!$C$4,IF(P5=1,K5-'Hole to hole distance'!$C$5,IF(Q5=1,K5-'Hole to hole distance'!$C$6,0))))) -> 0
A6: 6 | B6: =IF(D6=1,C6+4,IF(E6=1,C6+'Hole to hole distance'!$C$3,IF(F6=1,C6+'Hole to hole distance'!$C$4,IF(G6=1,C6+'Hole to hole distance'!$C$5,IF(H6=1,C6+'Hole to hole distance'!$C$6,"ERROR"))))) -> 1418 | C6: 518 | G6: 1 | J6: 5 | L6: =IF(M6=1,K6,IF(N6=1,K6-'Hole to hole distance'!$C$3,IF(O6=1,K6-'Hole to hole distance'!$C$4,IF(P6=1,K6-'Hole to hole distance'!$C$5,IF(Q6=1,K6-'Hole to hole distance'!$C$6,0))))) -> 0
A7: 7 | B7: =IF(D7=1,C7+4,IF(E7=1,C7+'Hole to hole distance'!$C$3,IF(F7=1,C7+'Hole to hole distance'!$C$4,IF(G7=1,C7+'Hole to hole distance'!$C$5,IF(H7=1,C7+'Hole to hole distance'!$C$6,"ERROR"))))) -> 1436 | C7: 1138 | E7: 1 | J7: 6 | L7: =IF(M7=1,K7,IF(N7=1,K7-'Hole to hole distance'!$C$3,IF(O7=1,K7-'Hole to hole distance'!$C$4,IF(P7=1,K7-'Hole to hole distance'!$C$5,IF(Q7=1,K7-'Hole to hole distance'!$C$6,0))))) -> 0
A8: 5 | B8: =IF(D8=1,C8+4,IF(E8=1,C8+'Hole to hole distance'!$C$3,IF(F8=1,C8+'Hole to hole distance'!$C$4,IF(G8=1,C8+'Hole to hole distance'!$C$5,IF(H8=1,C8+'Hole to hole distance'!$C$6,"ERROR"))))) -> 1482.5 | C8: 281.5 | H8: 1 | J8: 7 | L8: =IF(M8=1,K8,IF(N8=1,K8-'Hole to hole distance'!$C$3,IF(O8=1,K8-'Hole to hole distance'!$C$4,IF(P8=1,K8-'Hole to hole distance'!$C$5,IF(Q8=1,K8-'Hole to hole distance'!$C$6,0))))) -> 0
A9: 9 | B9: =IF(D9=1,C9+4,IF(E9=1,C9+'Hole to hole distance'!$C$3,IF(F9=1,C9+'Hole to hole distance'!$C$4,IF(G9=1,C9+'Hole to hole distance'!$C$5,IF(H9=1,C9+'Hole to hole distance'!$C$6,"ERROR"))))) -> 1833 | C9: 933 | G9: 1 | J9: 8 | L9: =IF(M9=1,K9,IF(N9=1,K9-'Hole to hole distance'!$C$3,IF(O9=1,K9-'Hole to hole distance'!$C$4,IF(P9=1,K9-'Hole to hole distance'!$C$5,IF(Q9=1,K9-'Hole to hole distance'!$C$6,0))))) -> 0
A10: 8 | B10: =IF(D10=1,C10+4,IF(E10=1,C10+'Hole to hole distance'!$C$3,IF(F10=1,C10+'Hole to hole distance'!$C$4,IF(G10=1,C10+'Hole to hole distance'!$C$5,IF(H10=1,C10+'Hole to hole distance'!$C$6,"ERROR"))))) -> 2182.5 | C10: 981.5 | H10: 1 | J10: 9 | L10: =IF(M10=1,K10,IF(N10=1,K10-'Hole to hole distance'!$C$3,IF(O10=1,K10-'Hole to hole distance'!$C$4,IF(P10=1,K10-'Hole to hole distance'!$C$5,IF(Q10=1,K10-'Hole to hole distance'!$C$6,0))))) -> 0
A11: 11 | B11: =IF(D11=1,C11+4,IF(E11=1,C11+'Hole to hole distance'!$C$3,IF(F11=1,C11+'Hole to hole distance'!$C$4,IF(G11=1,C11+'Hole to hole distance'!$C$5,IF(H11=1,C11+'Hole to hole distance'!$C$6,"ERROR"))))) -> 2243 | C11: 1343 | G11: 1 | J11: 10 | L11: =IF(M11=1,K11,IF(N11=1,K11-'Hole to hole distance'!$C$3,IF(O11=1,K11-'Hole to hole distance'!$C$4,IF(P11=1,K11-'Hole to hole distance'!$C$5,IF(Q11=1,K11-'Hole to hole distance'!$C$6,0))))) -> 0
A12: 16 | B12: =IF(D12=1,C12+4,IF(E12=1,C12+'Hole to hole distance'!$C$3,IF(F12=1,C12+'Hole to hole distance'!$C$4,IF(G12=1,C12+'Hole to hole distance'!$C$5,IF(H12=1,C12+'Hole to hole distance'!$C$6,"ERROR"))))) -> 2456 | C12: 2158 | E12: 1 | J12: 11 | L12: =IF(M12=1,K12,IF(N12=1,K12-'Hole to hole distance'!$C$3,IF(O12=1,K12-'Hole to hole distance'!$C$4,IF(P12=1,K12-'Hole to hole distance'!$C$5,IF(Q12=1,K12-'Hole to hole distance'!$C$6,0))))) -> 0
A13: 15 | B13: =IF(D13=1,C13+4,IF(E13=1,C13+'Hole to hole distance'!$C$3,IF(F13=1,C13+'Hole to hole distance'!$C$4,IF(G13=1,C13+'Hole to hole distance'!$C$5,IF(H13=1,C13+'Hole to hole distance'!$C$6,"ERROR"))))) -> 2582.5 | C13: 1381.5 | H13: 1 | J13: 12 | L13: =IF(M13=1,K13,IF(N13=1,K13-'Hole to hole distance'!$C$3,IF(O13=1,K13-'Hole to hole distance'!$C$4,IF(P13=1,K13-'Hole to hole distance'!$C$5,IF(Q13=1,K13-'Hole to hole distance'!$C$6,0))))) -> 0
A14: 10 | B14: =IF(D14=1,C14+4,IF(E14=1,C14+'Hole to hole distance'!$C$3,IF(F14=1,C14+'Hole to hole distance'!$C$4,IF(G14=1,C14+'Hole to hole distance'!$C$5,IF(H14=1,C14+'Hole to hole distance'!$C$6,"ERROR"))))) -> 2658 | C14: 1758 | G14: 1 | J14: 13 | L14: =IF(M14=1,K14,IF(N14=1,K14-'Hole to hole distance'!$C$3,IF(O14=1,K14-'Hole to hole distance'!$C$4,IF(P14=1,K14-'Hole to hole distance'!$C$5,IF(Q14=1,K14-'Hole to hole distance'!$C$6,0))))) -> 0
A15: 14 | B15: =IF(D15=1,C15+4,IF(E15=1,C15+'Hole to hole distance'!$C$3,IF(F15=1,C15+'Hole to hole distance'!$C$4,IF(G15=1,C15+'Hole to hole distance'!$C$5,IF(H15=1,C15+'Hole to hole distance'!$C$6,"ERROR"))))) -> 3008 | C15: 2108 | G15: 1 | J15: 14 | L15: =IF(M15=1,K15,IF(N15=1,K15-'Hole to hole distance'!$C$3,IF(O15=1,K15-'Hole to hole distance'!$C$4,IF(P15=1,K15-'Hole to hole distance'!$C$5,IF(Q15=1,K15-'Hole to hole distance'!$C$6,0))))) -> 0
A16: 13 | B16: =IF(D16=1,C16+4,IF(E16=1,C16+'Hole to hole distance'!$C$3,IF(F16=1,C16+'Hole to hole distance'!$C$4,IF(G16=1,C16+'Hole to hole distance'!$C$5,IF(H16=1,C16+'Hole to hole distance'!$C$6,"ERROR"))))) -> 3108 | C16: 2208 | G16: 1 | J16: 15 | L16: =IF(M16=1,K16,IF(N16=1,K16-'Hole to hole distance'!$C$3,IF(O16=1,K16-'Hole to hole distance'!$C$4,IF(P16=1,K16-'Hole to hole distance'!$C$5,IF(Q16=1,K16-'Hole to hole distance'!$C$6,0))))) -> 0
A17: 12 | B17: =IF(D17=1,C17+4,IF(E17=1,C17+'Hole to hole distance'!$C$3,IF(F17=1,C17+'Hole to hole distance'!$C$4,IF(G17=1,C17+'Hole to hole distance'!$C$5,IF(H17=1,C17+'Hole to hole distance'!$C$6,"ERROR"))))) -> 3282.5 | C17: 2081.5 | H17: 1 | J17: 16 | L17: =IF(M17=1,K17,IF(N17=1,K17-'Hole to hole distance'!$C$3,IF(O17=1,K17-'Hole to hole distance'!$C$4,IF(P17=1,K17-'Hole to hole distance'!$C$5,IF(Q17=1,K17-'Hole to hole distance'!$C$6,0))))) -> 0
A18: 17 | B18: =IF(D18=1,C18+4,IF(E18=1,C18+'Hole to hole distance'!$C$3,IF(F18=1,C18+'Hole to hole distance'!$C$4,IF(G18=1,C18+'Hole to hole distance'!$C$5,IF(H18=1,C18+'Hole to hole distance'!$C$6,"ERROR"))))) -> 3466 | C18: 2265 | H18: 1 | J18: 17 | L18: =IF(M18=1,K18,IF(N18=1,K18-'Hole to hole distance'!$C$3,IF(O18=1,K18-'Hole to hole distance'!$C$4,IF(P18=1,K18-'Hole to hole distance'!$C$5,IF(Q18=1,K18-'Hole to hole distance'!$C$6,0))))) -> 0
A19: 18 | B19: =IF(D19=1,C19+4,IF(E19=1,C19+'Hole to hole distance'!$C$3,IF(F19=1,C19+'Hole to hole distance'!$C$4,IF(G19=1,C19+'Hole to hole distance'!$C$5,IF(H19=1,C19+'Hole to hole distance'!$C$6,"ERROR"))))) -> 2284 | C19: 2280 | D19: 1 | J19: 18 | L19: =IF(M19=1,K19,IF(N19=1,K19-'Hole to hole distance'!$C$3,IF(O19=1,K19-'Hole to hole distance'!$C$4,IF(P19=1,K19-'Hole to hole distance'!$C$5,IF(Q19=1,K19-'Hole to hole distance'!$C$6,0))))) -> 0
A20: 19 | B20: =IF(D20=1,C20+4,IF(E20=1,C20+'Hole to hole distance'!$C$3,IF(F20=1,C20+'Hole to hole distance'!$C$4,IF(G20=1,C20+'Hole to hole distance'!$C$5,IF(H20=1,C20+'Hole to hole distance'!$C$6,"ERROR"))))) -> ERROR | J20: 19 | L20: =IF(M20=1,K20,IF(N20=1,K20-'Hole to hole distance'!$C$3,IF(O20=1,K20-'Hole to hole distance'!$C$4,IF(P20=1,K20-'Hole to hole distance'!$C$5,IF(Q20=1,K20-'Hole to hole distance'!$C$6,0))))) -> 0
A21: 20 | B21: =IF(D21=1,C21+4,IF(E21=1,C21+'Hole to hole distance'!$C$3,IF(F21=1,C21+'Hole to hole distance'!$C$4,IF(G21=1,C21+'Hole to hole distance'!$C$5,IF(H21=1,C21+'Hole to hole distance'!$C$6,"ERROR"))))) -> ERROR | J21: 20 | L21: =IF(M21=1,K21,IF(N21=1,K21-'Hole to hole distance'!$C$3,IF(O21=1,K21-'Hole to hole distance'!$C$4,IF(P21=1,K21-'Hole to hole distance'!$C$5,IF(Q21=1,K21-'Hole to hole distance'!$C$6,0))))) -> 0
A22: 21 | B22: =IF(D22=1,C22+4,IF(E22=1,C22+'Hole to hole distance'!$C$3,IF(F22=1,C22+'Hole to hole distance'!$C$4,IF(G22=1,C22+'Hole to hole distance'!$C$5,IF(H22=1,C22+'Hole to hole distance'!$C$6,"ERROR"))))) -> ERROR | J22: 21 | L22: =IF(M22=1,K22,IF(N22=1,K22-'Hole to hole distance'!$C$3,IF(O22=1,K22-'Hole to hole distance'!$C$4,IF(P22=1,K22-'Hole to hole distance'!$C$5,IF(Q22=1,K22-'Hole to hole distance'!$C$6,0))))) -> 0
A23: 22 | B23: =IF(D23=1,C23+4,IF(E23=1,C23+'Hole to hole distance'!$C$3,IF(F23=1,C23+'Hole to hole distance'!$C$4,IF(G23=1,C23+'Hole to hole distance'!$C$5,IF(H23=1,C23+'Hole to hole distance'!$C$6,"ERROR"))))) -> ERROR | J23: 22 | L23: =IF(M23=1,K23,IF(N23=1,K23-'Hole to hole distance'!$C$3,IF(O23=1,K23-'Hole to hole distance'!$C$4,IF(P23=1,K23-'Hole to hole distance'!$C$5,IF(Q23=1,K23-'Hole to hole distance'!$C$6,0))))) -> 0
A24: 23 | B24: =IF(D24=1,C24+4,IF(E24=1,C24+'Hole to hole distance'!$C$3,IF(F24=1,C24+'Hole to hole distance'!$C$4,IF(G24=1,C24+'Hole to hole distance'!$C$5,IF(H24=1,C24+'Hole to hole distance'!$C$6,"ERROR"))))) -> ERROR | J24: 23 | L24: =IF(M24=1,K24,IF(N24=1,K24-'Hole to hole distance'!$C$3,IF(O24=1,K24-'Hole to hole distance'!$C$4,IF(P24=1,K24-'Hole to hole distance'!$C$5,IF(Q24=1,K24-'Hole to hole distance'!$C$6,0))))) -> 0
A25: 24 | B25: =IF(D25=1,C25+4,IF(E25=1,C25+'Hole to hole distance'!$C$3,IF(F25=1,C25+'Hole to hole distance'!$C$4,IF(G25=1,C25+'Hole to hole distance'!$C$5,IF(H25=1,C25+'Hole to hole distance'!$C$6,"ERROR"))))) -> ERROR | J25: 24 | L25: =IF(M25=1,K25,IF(N25=1,K25-'Hole to hole distance'!$C$3,IF(O25=1,K25-'Hole to hole distance'!$C$4,IF(P25=1,K25-'Hole to hole distance'!$C$5,IF(Q25=1,K25-'Hole to hole distance'!$C$6,0))))) -> 0
A26: 25 | B26: =IF(D26=1,C26+4,IF(E26=1,C26+'Hole to hole distance'!$C$3,IF(F26=1,C26+'Hole to hole distance'!$C$4,IF(G26=1,C26+'Hole to hole distance'!$C$5,IF(H26=1,C26+'Hole to hole distance'!$C$6,"ERROR"))))) -> ERROR | J26: 25 | L26: =IF(M26=1,K26,IF(N26=1,K26-'Hole to hole distance'!$C$3,IF(O26=1,K26-'Hole to hole distance'!$C$4,IF(P26=1,K26-'Hole to hole distance'!$C$5,IF(Q26=1,K26-'Hole to hole distance'!$C$6,0))))) -> 0
A27: 26 | B27: =IF(D27=1,C27+4,IF(E27=1,C27+'Hole to hole distance'!$C$3,IF(F27=1,C27+'Hole to hole distance'!$C$4,IF(G27=1,C27+'Hole to hole distance'!$C$5,IF(H27=1,C27+'Hole to hole distance'!$C$6,"ERROR"))))) -> ERROR | J27: 26 | L27: =IF(M27=1,K27,IF(N27=1,K27-'Hole to hole distance'!$C$3,IF(O27=1,K27-'Hole to hole distance'!$C$4,IF(P27=1,K27-'Hole to hole distance'!$C$5,IF(Q27=1,K27-'Hole to hole distance'!$C$6,0))))) -> 0
A28: 27 | B28: =IF(D28=1,C28+4,IF(E28=1,C28+'Hole to hole distance'!$C$3,IF(F28=1,C28+'Hole to hole distance'!$C$4,IF(G28=1,C28+'Hole to hole distance'!$C$5,IF(H28=1,C28+'Hole to hole distance'!$C$6,"ERROR"))))) -> ERROR | J28: 27 | L28: =IF(M28=1,K28,IF(N28=1,K28-'Hole to hole distance'!$C$3,IF(O28=1,K28-'Hole to hole distance'!$C$4,IF(P28=1,K28-'Hole to hole distance'!$C$5,IF(Q28=1,K28-'Hole to hole distance'!$C$6,0))))) -> 0
A29: 28 | B29: =IF(D29=1,C29+4,IF(E29=1,C29+'Hole to hole distance'!$C$3,IF(F29=1,C29+'Hole to hole distance'!$C$4,IF(G29=1,C29+'Hole to hole distance'!$C$5,IF(H29=1,C29+'Hole to hole distance'!$C$6,"ERROR"))))) -> ERROR | J29: 28 | L29: =IF(M29=1,K29,IF(N29=1,K29-'Hole to hole distance'!$C$3,IF(O29=1,K29-'Hole to hole distance'!$C$4,IF(P29=1,K29-'Hole to hole distance'!$C$5,IF(Q29=1,K29-'Hole to hole distance'!$C$6,0))))) -> 0
A30: 29 | B30: =IF(D30=1,C30+4,IF(E30=1,C30+'Hole to hole distance'!$C$3,IF(F30=1,C30+'Hole to hole distance'!$C$4,IF(G30=1,C30+'Hole to hole distance'!$C$5,IF(H30=1,C30+'Hole to hole distance'!$C$6,"ERROR"))))) -> ERROR | J30: 29 | L30: =IF(M30=1,K30,IF(N30=1,K30-'Hole to hole distance'!$C$3,IF(O30=1,K30-'Hole to hole distance'!$C$4,IF(P30=1,K30-'Hole to hole distance'!$C$5,IF(Q30=1,K30-'Hole to hole distance'!$C$6,0))))) -> 0
A31: 30 | B31: =IF(D31=1,C31+4,IF(E31=1,C31+'Hole to hole distance'!$C$3,IF(F31=1,C31+'Hole to hole distance'!$C$4,IF(G31=1,C31+'Hole to hole distance'!$C$5,IF(H31=1,C31+'Hole to hole distance'!$C$6,"ERROR"))))) -> ERROR | J31: 30 | L31: =IF(M31=1,K31,IF(N31=1,K31-'Hole to hole distance'!$C$3,IF(O31=1,K31-'Hole to hole distance'!$C$4,IF(P31=1,K31-'Hole to hole distance'!$C$5,IF(Q31=1,K31-'Hole to hole distance'!$C$6,0))))) -> 0
L33: =ABS(IF($K$31<>0,$K$31-$K$34,IF($K$30<>0,$K$30-$K$34,IF($K$29<>0,$K$29-$K$34,IF($K$28<>0,$K$28-$K$34,IF($K$27<>0,$K$27-$K$34,IF($K$26<>0,$K$26-$K$34,IF($K$25<>0,$K$25-$K$34,IF($K$24<>0,$K$24-$K$34,IF($K$23<>0,$K$23-$K$34,IF($K$22<>0,$K$22-$K$34,IF($K$21<>0,$K$21-$K$34,IF($K$20<>0,$K$20-$K$34,IF($K$19<>0,$K$19-$K$34,IF($K$18<>0,$K$18-$K$34,IF($K$17<>0,$K$17-$K$34,IF($K$16<>0,$K$16-$K$34,IF($K$15<>0,$K$15-$K$34,IF($K$14<>0,$K$14-$K$34,IF($K$13<>0,$K$13-$K$34,IF($K$12<>0,$K$12-$K$34,IF($K$11<>0,$K$11-$K$34,IF($K$10<>0,$K$10-$K$34,IF($K$9<>0,$K$9-$K$34,IF($K$8<>0,$K$8-$K$34,IF($K$7<>0,$K$7-$K$34,IF($K$6<>0,$K$6-$K$34,IF($K$5<>0,$K$5-$K$34,IF($K$4<>0,$K$4-$K$34,IF($K$3<>0,$K$3-$K$34,IF($K$2<>0,$K$2-$K$34))))))))))))))))))))))))))))))) -> 0
J34: LENGTH FOR LAST HOLE | L34: =ABS(IF(K31<>0,K31-K34,IF(K30<>0,K30-K34,IF(K29<>0,K29-K34,IF(K28<>0,K28-K34,IF(K27<>0,K27-K34,IF(K26<>0,K26-K34,IF(K25<>0,K25-K34,IF(K24<>0,K24-K34,IF(K23<>0,K23-K34,IF(K22<>0,K22-K34,IF(K21<>0,K21-K34,IF(K20<>0,K20-K34,IF(K19<>0,K19-K34,IF(K18<>0,K18-K34,IF(K17<>0,K17-K34,IF(K16<>0,K16-K34,IF(K15<>0,K15-K34,IF(K14<>0,K14-K34,IF(K13<>0,K13-K34,IF(K12<>0,K12-K34,IF(K11<>0,K11-K34,IF(K10<>0,K10-K34,IF(K9<>0,K9-K34,IF(K8<>0,K8-K34,IF(K7<>0,K7-K34,IF(K6<>0,K6-K34,IF(K5<>0,K5-K34,IF(K4<>0,K4-K34,IF(K3<>0,K3-K34,IF(K2<>0,K2-K34))))))))))))))))))))))))))))))) -> 0
J36: COPY THIS VALUE AND PASTE TO LAST ONE | L36: =ABS(IF(L31<>0,L31+L34,IF(L30<>0,L30+L34,IF(L29<>0,L29+L34,IF(L28<>0,L28+L34,IF(L27<>0,L27+L34,IF(L26<>0,L26+L34,IF(L25<>0,L25+L34,IF(L24<>0,L24+L34,IF(L23<>0,L23+L34,IF(L22<>0,L22+L34,IF(L21<>0,L21+L34,IF(L20<>0,L20+L34,IF(L19<>0,L19+L34,IF(L18<>0,L18+L34,IF(L17<>0,L17+L34,IF(L16<>0,L16+L34,IF(L15<>0,L15+L34,IF(L14<>0,L14+L34,IF(L13<>0,L13+L34,IF(L12<>0,L12+L34,IF(L11<>0,L11+L34,IF(L10<>0,L10+L34,IF(L9<>0,L9+L34,IF(L8<>0,L8+L34,IF(L7<>0,L7+L34,IF(L6<>0,L6+L34,IF(L5<>0,L5+L34,IF(L4<>0,L4+L34,IF(L3<>0,L3+L34,IF(L2<>0,L2+L34))))))))))))))))))))))))))))))) -> 0 | M36: 1 | N36: 0 | O36: 0 | P36: 0 | Q36: 0
